{"experiments":[{"buckets":{"max":"100","min":"10"},"description":"Use GeckoView web renderer in production and beta builds","id":"ad86a328-fda6-4b79-86f1-2a618c2dbaa7","last_modified":1562796064168,"match":{"regions":[],"version":"(^[8-9]\\.[1-9][0-9]*(\\.[0-9]+)?$)|(^[8-9]\\.0\\.[2-9]$)|(^[8-9]\\.[0-9]+\\.[1-9][0-9]+$)"},"name":"use-gecko","schema":1562794911307},{"buckets":{"max":"100","min":"0"},"description":"Determines whether to use home screen tips for Focus users in production and beta builds","id":"3eb5e7e3-925b-419f-90b2-5c36cd27d3b9","last_modified":1547418876739,"match":{"regions":[],"version":"(^[7-9]\\.[1-9][0-9]*(\\.[0-9]+)?$)|(^[7-9]\\.0\\.9$)|(^[7-9]\\.[0-9]+\\.[1-9][0-9]+$)|(^[8-9]\\.[0-9\\.]+$)"},"name":"use-homescreen-tips","schema":1547408499672},{"buckets":{"max":"50","min":"0"},"description":"A\/A test for testing our experimentation framework and data collection","id":"3bb352c8-801b-4790-8084-97a8f7a874df","last_modified":1546921619583,"match":{"regions":[],"version":"(^[7-9]\\.[1-9][0-9]*(\\.[0-9]+)?$)|(^[7-9]\\.[0-9]+\\.[1-9][3-9]+$)|(^[7-9]\\.[0-9]+\\.[2-9][0-9]+$)|(^[8-9]\\.[0-9\\.]+$)"},"name":"AAtest","schema":1546890106268},{"buckets":{"max":"100","min":"0"},"description":"Use GeckoView web rendering engine in Nightly builds","id":"4eb60ebe-6bbc-4c26-8221-e446114a3813","last_modified":1536257177280,"match":{"regions":[]},"name":"use-gecko-nightly","schema":1536253038783},{"buckets":{"max":"100","min":"0"},"description":"Determines whether to use homescreen tips for Nightly builds of Focus","id":"201f287e-964f-4ecf-b0c3-37be8480aaab","last_modified":1535140333359,"match":{"regions":[]},"name":"use-homescreen-tips-nightly","schema":1535140298800}],"last_modified":1562796064168}